Ticket Text,Sentiment
"**Ticket Subject:** Great Service, Just a Small Suggestion!

**Customer Message:**

Hello,

I just wanted to take a moment to express my appreciation for the service I've received from your team. Everyone has been incredibly helpful and friendly, making my experience quite pleasant. It’s refreshing to see such dedication to customer care!

I did encounter a small issue with the online ordering process; it felt a bit slower than I expected. If there’s any way to streamline that, it would enhance the experience even more!

Overall, I’m very satisfied and will continue to recommend your services. Thank you for the great work!

Best regards,  
A Happy Customer",Mild Positive
"**Subject:** Absolutely Thrilled with My Purchase!

**Ticket ID:** 201345

**Customer Name:** Jane Doe

**Message:**

Hello Support Team,

I just had to take a moment to express how completely thrilled I am with my recent purchase! From the moment I unboxed the product, I was blown away by the quality and attention to detail. It's even better than I expected!

Not only does it work flawlessly, but the design is absolutely stunning! I can tell that a lot of thought went into creating this product, and it truly shows. I've already recommended it to all my friends and family, and I can't wait to see their reactions when they try it for themselves.

Additionally, your customer service has been top-notch! I had a couple of questions before my purchase, and the team was so helpful and friendly. It made the entire shopping experience a pleasure.

Thank you for creating such a fantastic product and for the outstanding support! I’m already looking forward to my next purchase!

Keep up the great work!

Warm regards,  
Jane Doe",Strong Positive
"**Ticket ID:** 24567  
**Submitted by:** User123  
**Subject:** Feedback on Recent Purchase  

**Message:**  
Hello,

I hope this message finds you well. I recently purchased the XYZ Blender from your website, and while I have had some good experiences using it, I must admit that I am a bit disappointed with a couple of aspects.

Firstly, I found that the blender tends to struggle with harder ingredients, like frozen fruits. It takes longer than I expected to achieve a smooth consistency. Additionally, the noise level is quite high compared to my previous blender, which can be a bit disruptive.

I do appreciate the sleek design and the overall build quality, but I was hoping for a bit more efficiency. I would love to know if there are any tips or tricks to improve the blending process.

Thank you for taking the time to read my feedback. I look forward to your response.

Best regards,  
User123",Mild Negative
"**Ticket ID:** 98427  
**Subject:** Urgent: Absolutely Disgusted with Product Failure!  

**Customer Name:** John R.  
**Email:** john.r@example.com  
**Date:** October 15, 2023  

**Message:**  
I am writing this ticket out of sheer frustration and disappointment with your product. I purchased the XYZ model last month, and it has completely failed to function as advertised. I’ve followed all the setup instructions meticulously, yet it doesn’t turn on at all!  

This is beyond unacceptable. I relied on your company for a reliable product, and instead, I’ve been left with a useless piece of equipment. I’ve attempted to contact your support line multiple times, only to be met with long wait times and unhelpful responses. This has been a colossal waste of my time and money!  

I demand immediate action. I expect either a full refund or an expedited replacement sent to me without any further delays. How can you allow such a defective product to be sold? I am incredibly disappointed and will not hesitate to share my negative experience with others if this is not resolved promptly.  

I look forward to your swift response.  

**Attachments:** None  ",Strong Negative
"**Subject:** Feedback on Recent Order Experience

Dear Customer Support Team,

I hope this message finds you well. I wanted to share my experience regarding my recent order (Order #12345). While the product itself is generally satisfactory, I was a bit disappointed with the shipping time. I expected it to arrive sooner based on the timeline provided at checkout.

Additionally, the tracking information was not as clear as I hoped, which made it a little frustrating to know where my package was. I appreciate the quality of your products and hope that future orders can have a smoother delivery process.

Thanks for your attention to this matter.

Best regards,  
A Concerned Customer",Mild Negative
"**Subject:** Urgent: Major Issue with Product – Extremely Disappointed!

**Ticket ID:** 789456

**Description:**  
I am writing to express my utter frustration and disappointment with the product I purchased from your company. I bought the Deluxe Blender Model X on September 15, 2023, and it has already failed spectacularly! On my first use, it made a loud grinding noise and then just stopped working. I’ve checked all connections and followed the manual to the letter, but it’s completely dead!

This is absolutely unacceptable! I expected a high-quality product based on your marketing claims, and I feel completely let down. I had planned to use it for a family gathering, and now I have to make excuses for why I can't prepare the meals I promised. 

I demand an immediate replacement or a full refund. I shouldn't have to deal with such a defective product. Please respond to me as soon as possible, as I am incredibly unhappy with this situation and will not hesitate to escalate this issue further if I do not receive satisfactory assistance.

Thank you,  
[Customer Name]",Strong Negative
"Subject: Request for Information on Order Status

Hello Customer Support,

I hope this message finds you well. I am writing to inquire about the status of my recent order placed on October 10, 2023. The order number is #123456. 

Could you please provide me with an update on its shipping status? Additionally, if there are any expected delays, I would appreciate that information as well.

Thank you for your assistance.

Best regards,  
[Customer Name]",Neutral
"**Ticket ID:** 2374-AXD

**Subject:** Urgent: Complete Failure of Product - Extremely Disappointed

**Description:**
I am absolutely furious with the product I purchased from your company! I bought the XYZ Smartwatch just two months ago, and it has completely stopped working. I followed all the care instructions and charged it as directed, yet it won’t turn on at all. This is unacceptable!

I relied on this watch for my daily fitness tracking, notifications, and even health monitoring. Now, I feel like I've wasted my money on something that was supposed to enhance my life, but instead, it's been nothing but a huge disappointment. I’ve tried reaching out to customer service multiple times, and all I get is generic responses that don’t address my problem at all!

I expected a premium product and service from your brand, and this experience has shattered my trust in your company. I demand to know why this happened and what you will do to rectify the situation immediately. If I do not hear back promptly, I will be forced to escalate this issue further.

**Priority:** High

**Attachments:** Screenshot of purchase confirmation, video of the product malfunctioning.",Strong Negative
"**Ticket Subject:** Feedback on Recent Experience

**Ticket Description:**

Hi Team,

I hope this message finds you well! I wanted to take a moment to express my appreciation for the recent service I received from your support team. The representative I spoke with was friendly and very helpful in resolving my issue, which was a great relief!

I genuinely appreciate the effort your team puts into assisting customers. It really shows that you care. However, I was wondering if it would be possible to implement a live chat option on your website. I think it would make getting quick help even easier for customers like myself.

Thank you again for your excellent support, and I look forward to seeing how you continue to improve!

Best regards,  
A Satisfied Customer",Mild Positive
"Subject: Great Experience with a Small Suggestion

Hi Support Team,

I hope this message finds you well! I wanted to take a moment to express my appreciation for the excellent service I received during my recent interaction. The representative was friendly and very helpful, making the process smooth and easy. 

However, I did notice that it took a bit longer than expected to get a response to my initial inquiry. Perhaps implementing a quicker response system could enhance the overall experience even more. 

Thank you for all that you do! I look forward to seeing how your service continues to improve.

Best regards,  
Jamie",Mild Positive
"Subject: Great Experience with a Small Suggestion

Hi Team,

I hope this message finds you well! I wanted to take a moment to express my appreciation for the recent service I received. The support staff was incredibly helpful and resolved my issue in a timely manner. It’s always nice to encounter such friendly and knowledgeable representatives!

I did have one small suggestion that might enhance the experience even further. It would be great if there were more detailed FAQs available on your website, especially for common issues. I believe it could help customers find solutions even faster.

Overall, I’m quite satisfied and look forward to continuing to use your services! Thank you for your hard work!

Best regards,  
A Happy Customer",Mild Positive
"**Ticket ID:** 8392023

**Subject:** Urgent: Extremely Disappointed with Product Failure

**Description:**

I am writing to express my utter frustration and disappointment with the [Product Name] that I purchased from your company. I expected a high-quality item based on your marketing and past reviews, but what I received was nothing short of a disaster.

After just two weeks of use, the product completely failed. It stopped functioning without any warning, and I have followed all the maintenance instructions provided. This is unacceptable for a product of this price range! I’ve tried reaching out to your customer service multiple times, but I’ve either been left on hold for ages or received vague responses that do not address the issue at all.

I feel completely let down by your brand. I had high hopes for this purchase, and now I’m stuck with a useless item and no real support. I demand an immediate resolution—either a full refund or a replacement that actually works. 

This entire experience has left me questioning whether your company genuinely cares about its customers or if it’s just about making a quick sale. I expect a prompt reply to this ticket, and I hope you are prepared to take action.

Thank you. 

**Customer Name:** Unhappy Customer",Strong Negative
"**Subject:** Feedback on Recent Purchase

**Ticket ID:** 457892

**Customer Name:** Jessica T.

**Date:** October 14, 2023

**Description:**

Hi there,

I hope this message finds you well. I recently purchased the XYZ Wireless Headphones from your website, and while I appreciate the sound quality, I have to admit that I'm a bit disappointed with the battery life. I expected it to last longer based on the product description, but I find myself needing to charge them more frequently than anticipated.

I understand that everyone's usage may vary, but I would have hoped for a bit more durability in this area. It would be great if you could provide some tips on optimizing the battery performance or if there are any updates planned for this model.

Thank you for your attention to this matter. I look forward to your response.

Best,  
Jessica T.",Mild Negative
"**Ticket ID:** 45789  
**Subject:** Feedback on Recent Email Marketing Campaign  

**Description:**  
Hello,  

I hope this message finds you well. I wanted to take a moment to share my thoughts on your recent email marketing campaign. While I appreciate the effort put into the design and overall presentation, I was a bit disappointed with the content.  

I found the offers to be somewhat repetitive compared to previous emails. It would be great to see more variety and maybe some new promotions that could attract my attention. I’ve been a loyal customer for some time, and I trust you want to keep your audience engaged.  

Thank you for taking the time to consider my feedback. I look forward to seeing what you come up with next!  

Best regards,  
A Concerned Customer",Mild Negative
"Subject: Feedback on Recent Experience with Your Product

Hello,

I hope this message finds you well. I wanted to take a moment to share my experience with the [Product Name] I purchased last month. While I appreciate the quality and design, I've noticed that the performance hasn't quite met my expectations. 

Specifically, I've found that [describe specific issue, e.g., ""the battery life is shorter than advertised""]. This has made it a bit inconvenient for my daily use. 

I understand that no product is perfect, but I was hoping for a more reliable experience based on the positive reviews I read before my purchase. I would appreciate any advice on how to potentially resolve this issue or if there are any updates in the pipeline.

Thank you for your attention.

Best regards,  
[Your Name]",Mild Negative
"**Ticket ID:** 457832  
**Subject:** Absolutely Thrilled with My Purchase!  
**Customer Name:** Sarah J.  
**Date:** October 12, 2023  

**Message:**  
Hello Team!  

I just had to take a moment to share my excitement about the product I recently purchased from your store! I can’t believe how fantastic it is! From the moment I unboxed it, I was blown away by the quality and attention to detail. It has completely exceeded my expectations!  

Using it has been a dream—it's not only functional but also incredibly stylish! I’m receiving compliments from everyone, and I can’t help but rave about it to my friends and family. The performance is top-notch, and I can tell that a lot of thought went into the design.  

I also wanted to commend your customer service team. They were so helpful and responsive when I had questions before my purchase. It really made my shopping experience a pleasure!  

Thank you so much for creating such an amazing product. I’m already planning to order more items from your range! Keep up the fantastic work!  

Best wishes,  
Sarah J.",Strong Positive
"**Ticket Title:** Feedback on Recent Order – Delivery Delay

**Ticket Description:**

Hello,

I hope you are doing well. I wanted to reach out regarding my recent order (Order #123456) that was supposed to arrive last week. I understand that delays can happen, but I was a bit disappointed that my package arrived three days later than expected. 

While the product itself is great and meets my expectations, the delay in delivery did affect my plans. I had hoped to have it by a specific date, and it would have been helpful to receive updates during the waiting period.

I appreciate your assistance and look forward to any insight you can provide regarding this matter.

Thank you for your attention.

Best regards,  
Jordan",Mild Negative
"Subject: Urgent: Unacceptable Product Failure - Immediate Resolution Required

Dear Support Team,

I am writing to express my utter frustration and disappointment with the product I purchased from your company. I expected high quality based on your claims and reputation, but what I received is completely unacceptable. 

Just two weeks after the initial purchase, the product stopped working entirely. I followed all the instructions provided and took great care of it, yet it failed without any warning. This is beyond infuriating! I can't believe I spent my hard-earned money on something that is essentially useless now.

To make matters worse, I tried reaching out to your customer service team multiple times, but the responses I've received have been unhelpful and dismissive. I feel like my concerns are being ignored, and I am left with a defective product and no resolution in sight. 

This experience has made me seriously reconsider my trust in your brand. I demand a full refund and a prompt response to this issue. 

I expect to hear back from you immediately to rectify this situation. 

Sincerely,  
A Very Unhappy Customer",Strong Negative
"**Subject:** Request for Information on Product Warranty

**Ticket ID:** #34827

**Description:**

Hello,

I would like to request information regarding the warranty terms for my recent purchase of the XYZ model vacuum cleaner. Specifically, I need to know the duration of the warranty and what it covers. Additionally, I would appreciate any details on how to file a warranty claim if necessary.

Thank you for your assistance.

Best regards,  
Customer",Neutral
"**Ticket ID:** 34567  
**Subject:** Urgent: Completely Unacceptable Product Failure  

Dear Support Team,

I am writing to express my utter frustration and disappointment with the product I purchased from your company, which has completely failed to meet any of my expectations. I bought the SmartHome Pro 3000 two months ago, and it has stopped working entirely.  

I have followed all the instructions, maintained it according to your guidelines, and even tried troubleshooting tips from your website, but nothing has worked. This is beyond infuriating! I relied on this product for my day-to-day activities, and now I am left with a useless piece of equipment and no support from your end.  

To make matters worse, when I reached out to your customer service last week, I was put on hold for over 45 minutes, only to be told that a technician would contact me within 48 hours. It has now been a week, and I haven’t heard a peep from anyone! This lack of communication and support is simply unacceptable.  

I expected much better from your brand, and at this point, I feel completely let down. I would appreciate an immediate resolution to this issue, including a replacement or full refund.  

I hope to hear from you soon, but honestly, my faith in your company has been severely shaken.  

Sincerely,  
Frustrated Customer",Strong Negative
"Subject: Great Experience with a Small Suggestion

Dear Support Team,

I hope this message finds you well! I wanted to take a moment to express my appreciation for your service. I recently purchased a product, and I was really pleased with its quality and the quick delivery time. It’s refreshing to see a company that values its customers like you do!

However, I did notice that the instructions could be a bit clearer, especially for first-time users. A little more detail in the setup guide would go a long way in making the experience even better.

Thank you for your hard work, and I look forward to seeing how you continue to improve!

Best regards,  
A Happy Customer",Mild Positive
"**Subject:** Absolutely Thrilled with My Purchase!

**Ticket ID:** #84732

**Customer Name:** Sarah L.

**Message:**

Hello Support Team,

I just had to take a moment to express how absolutely thrilled I am with my recent purchase of the SmartHome Pro Hub! The moment I unboxed it, I could tell it was a game-changer. Setting it up was a breeze, and it seamlessly integrates with all my other devices.

Not only does it work flawlessly, but the design is sleek and modern. I can’t believe how much easier my life has become since I started using it! Automating my home has been a dream come true, and the app is super user-friendly. 

I’ve already recommended it to all my friends and family, and I can't wait to explore more of your products. Thank you for delivering such an amazing experience! Keep up the fantastic work!

Best regards,
Sarah L.",Strong Positive
"**Ticket ID:** 456789  
**Subject:** Feedback on Recent Purchase  

**Description:**  
Hello,

I recently purchased your wireless earbuds, and while I appreciate the sound quality, I am somewhat disappointed with the battery life. It seems to drain faster than I expected, especially during longer listening sessions. I had hoped for a longer duration based on the specifications provided.  

I do enjoy using them for everyday activities, but the frequent need to recharge is a bit inconvenient. I would appreciate any advice on optimizing battery performance or if there are upcoming updates that might address this issue.  

Thank you for your attention to this matter.  

Best,  
Jordan",Mild Negative
"Subject: Absolutely Thrilled with My Purchase!

Hello Customer Support Team,

I just had to take a moment to express my absolute joy with the product I purchased from you! From the moment I unboxed it, I was blown away by the quality and attention to detail. It exceeded all my expectations!

The functionality is fantastic, and I can already tell it’s going to make a huge difference in my daily routine. I’ve been using it non-stop since it arrived, and I can’t believe how much easier my life has become. Seriously, it’s like you read my mind when designing this!

Not to mention, your shipping was super fast! I was so excited to receive it and was pleasantly surprised by how quickly it arrived at my door. The entire experience from browsing your website to the delightful delivery was simply top-notch.

Thank you so much for creating such an incredible product and for your excellent service. I’ll definitely be recommending you to all my friends and family. Keep up the amazing work!

Best regards,  
A Happy Customer",Strong Positive
"**Ticket ID:** 4521  
**Subject:** Urgent: Severe Product Failure and Frustration

**Description:**

I am writing to express my extreme dissatisfaction with the product I purchased from your company two months ago. From day one, it has been nothing but a headache. Last week, it completely stopped functioning, despite following all the recommended usage guidelines. I expected much better quality based on your advertised standards!

To make matters worse, when I reached out to your customer service team for assistance, I was met with long wait times and representatives who seemed untrained and unhelpful. I felt like my concerns were dismissed, and my frustration only grew with each interaction. This is unacceptable! 

I have invested my hard-earned money into your product, and it has failed me in the worst possible way. I demand a full refund immediately, as well as an explanation of why I was treated so poorly by your support team. This experience has left me extremely disappointed, and I will be sharing my negative experience with others unless this issue is resolved promptly.

Thank you for your immediate attention to this matter. I want a swift resolution. 

Sincerely,  
An Extremely Frustrated Customer",Strong Negative
"Subject: Absolutely Thrilled with Your Product!

Hello Support Team,

I just wanted to take a moment to express my absolute delight with my recent purchase! I received my order of the EcoSmart Water Bottle last week, and I can honestly say it has exceeded all my expectations! 

From the moment I unboxed it, I was impressed by its sleek design and vibrant colors. Not only does it look fantastic, but it keeps my water cold for hours! I’ve taken it on hikes, to work, and even to the gym, and it performs perfectly every time. 

The quality is outstanding, and I love that it’s environmentally friendly. It's such a joy to use a product that aligns with my values. I’ve already recommended it to all my friends, and they are excited to get one too!

Thank you for creating such a wonderful product! I’m looking forward to exploring more items from your range. Keep up the amazing work!

Best wishes,
Rachel M.",Strong Positive
"Subject: Feedback on Recent Purchase

Hi Support Team,

I hope this message finds you well. I recently purchased the XYZ model from your website, and while I appreciate the overall quality of the product, I have encountered a couple of issues that I feel I should bring to your attention.

Firstly, the battery life is not quite what I expected based on the specifications. It seems to drain faster than indicated, which has been a bit inconvenient for my daily use. Additionally, I noticed that the instructions provided in the manual could be clearer, as I had some trouble figuring out a few features.

I really like the design and functionality of the product, but these minor issues have been somewhat disappointing. I would appreciate any advice or solutions you might have regarding the battery performance and the manual.

Thank you for your assistance.

Best regards,  
Jamie",Mild Negative
"Subject: Great Service with a Suggestion for Improvement

Hello Support Team,

I hope this message finds you well! I wanted to take a moment to commend the excellent service I received during my recent interaction with your team. Your representatives were friendly, knowledgeable, and really took the time to address my concerns, which I appreciated.

However, I did notice that the wait time was a bit longer than I expected. It would be fantastic if there could be more staff available during peak hours to help reduce the wait. Overall, though, I'm quite satisfied with my experience and I'm grateful for your assistance.

Thank you for your hard work!

Best regards,  
[Customer Name]",Mild Positive
"**Subject:** Great Service, Just a Small Suggestion

**Ticket ID:** #24567

**Customer Name:** Jessica T.

**Message:**

Hi there!

I hope you’re doing well. I wanted to take a moment to express my appreciation for the wonderful service I received during my recent purchase. The team was friendly and knowledgeable, which made my shopping experience quite enjoyable. 

I did have a small suggestion that I think could enhance the experience even more: it would be fantastic if you could add a live chat option on your website. I sometimes have quick questions while browsing, and having someone available to assist in real-time would be a great help!

Thanks again for your great service, and keep up the good work!

Best regards,  
Jessica T.",Mild Positive
"Subject: Request for Information on Order Status

Hello,

I hope this message finds you well. I am writing to inquire about the status of my recent order (Order #123456). I placed the order on October 1st and would like to know when I can expect it to ship.

Thank you for your assistance.

Best regards,  
Jamie",Neutral
"**Subject:** Great Service with a Small Suggestion 

**Ticket Description:**

Hi Team,

I just wanted to take a moment to express my appreciation for the support I received from your customer service team recently. They were very helpful and friendly, making my experience quite pleasant!

However, I did notice that the response time could be a bit quicker. While I was happy with the assistance I received, a shorter wait would really enhance the overall experience. 

Thank you for your hard work! Keep it up!

Best regards,  
A Satisfied Customer",Mild Positive
"**Subject:** Feedback on Recent Order

**Ticket ID:** #459782

**Customer Name:** Alex R.

**Date:** October 5, 2023

**Message:**

Hi Team,

I recently received my order (Order ID: 233445) and wanted to share some feedback. While I appreciate the timely delivery, I was a bit disappointed with the quality of the product. The description on your website led me to expect a more premium feel, but it wasn't quite what I anticipated.

I understand that sometimes products may not always match the online depiction, but I hoped for a closer match to what was advertised. It would be great if you could look into this matter or perhaps update the product descriptions to better reflect the actual items.

Thanks for your attention to this. 

Best,  
Alex R.",Mild Negative
